Title,Link,Uploader,Views
The Chemical Brothers - The Test (Official Music Video),https://www.youtube.com/watch?v=yhS9LnDoo_w&pp=ygUEVGVzdA%3D%3D,The Chemical Brothers,"9,8 mln. weergaven"
The 15 second personality test,https://www.youtube.com/shorts/4R41x-U-gq8,Sambucha,"8,4 mln. weergaven"
INTELLIGENTIE TEST | 10 vragen,https://www.youtube.com/watch?v=c6GDtWlkIVY&pp=ygUEVGVzdA%3D%3D,Test Koning,128K weergaven
WELK WOORD ZIE JIJ? | Oog Test,https://www.youtube.com/watch?v=ID76p6DqsrE&pp=ygUEVGVzdA%3D%3D,Test Koning,127K weergaven
Her MOM HOOKED UP with her BOYFRIEND! WHO'S ACTUALLY THE FATHER?? - Loyalty Test!,https://www.youtube.com/watch?v=Bb4KQZoquVU&pp=ygUEVGVzdA%3D%3D,iKnowAyrel,142K weergaven
Title,Company,Location,Keywords,Link
Business Analyst,Talencia Consulting,Brussel,Business Analyst,https://www.ictjob.be/nl/vacature/business-analyst/1-263838
Microsoft Dynamics/Navision ERP Consultant,Talencia Consulting,Brussel,Microsoft Dynamics Navision,https://www.ictjob.be/nl/vacature/microsoft-dynamics-navision-erp-consultant/1-263835
EV Charging Company - Java Software Developer - Antwerp,Vivid Resourcing,Antwerpen,"Java, Spring, Spring-boot, AWS",https://www.ictjob.be/nl/vacature/ev-charging-company-java-software-developer-antwerp/1-263801
Windows System Administrator,Sopra Steria,Brussel,none,https://www.ictjob.be/nl/vacature/windows-system-administrator/1-263719
Name,Price,Link
Kaffe,"59,95",https://www.zalando.be/kaffe-kasarla-v-neck-trui-cornflower-bluemelange-ka321i0i1-k12.html
Pepe Jeans,"58,95",https://www.zalando.be/pepe-jeans-damara-trui-mousse-pe121i0ep-a11.html
Stradivarius,"25,99",https://www.zalando.be/stradivarius-sweater-dark-blue-sth21j09q-k11.html
PULL&BEAR,"29,99",https://www.zalando.be/pullandbear-ombre-trui-blue-denim-puc21i0pi-k11.html
Title,Link,Uploader,Views
Testje2,https://www.youtube.com/watch?v=CY3u3RpJ7wE&pp=ygUHVGVzdGplMg%3D%3D,John G.,"1,2K weergaven"
testje2,https://www.youtube.com/watch?v=JEBIQ-EA2Sc&pp=ygUHVGVzdGplMg%3D%3D,roosgrr,1 weergave
Testje2 1-6-11,https://www.youtube.com/watch?v=GN2FZwRfqh8&pp=ygUHVGVzdGplMg%3D%3D,sqweezr,31 weergaven
Muziek testje2,https://www.youtube.com/watch?v=zG-paFLEDH8&pp=ygUHVGVzdGplMg%3D%3D,Milou ChÃªnevert,10 weergaven
testje2.wmv,https://www.youtube.com/watch?v=zZxcHlmHQh0&pp=ygUHVGVzdGplMg%3D%3D,davephilipsen,255 weergaven
